{
  "images": [
    {
      "width": 596,
      "height": 842,
      "id": 0,
      "file_name": "images/2/7deb396a-1810.04805v2-9_dc05.jpg"
    }
  ],
  "categories": [
    {
      "id": 0,
      "name": "BibItem"
    }
  ],
  "annotations": [
    {
      "id": 0,
      "image_id": 0,
      "category_id": 0,
      "segmentation": [],
      "bbox": [
        69.87586206896552,
        82.14634146341463,
        224.69885057471262,
        56.13333333333334
      ],
      "ignore": 0,
      "iscrowd": 0,
      "area": 12613.095478927204
    },
    {
      "id": 1,
      "image_id": 0,
      "category_id": 0,
      "segmentation": [],
      "bbox": [
        68.50574712643679,
        149.23252032520327,
        228.80919540229883,
        47.91869918699186
      ],
      "ignore": 0,
      "iscrowd": 0,
      "area": 10964.239005700398
    }
  ],
  "info": {
    "year": 2023,
    "version": "1.0",
    "description": "",
    "contributor": "Label Studio",
    "url": "",
    "date_created": "2023-01-04 23:25:19.138733"
  }
}